TENURE,CHURN_mean,CHURN_median
1,0.02053388090349076,0.0
2,0.040109389243391066,0.0
3,0.03481076705120421,0.0
4,0.023884892086330937,0.0
5,0.022965779467680608,0.0
6,0.024105890603085555,0.0
7,0.022155517438536308,0.0
8,0.01771352033786425,0.0
